<?xml version="1.0" encoding="UTF-8" standalone="no"?>
<drjava version="drjava-20140826-r5761">
  <project autorefresh="true" build="bin/" main="taller.Main" manifest="" root="src/" work="">
    <createjar file="proyecto1.jar" flags="12"/>
    <source>
      <file active="true" name="api/proyecto1/interfaces/centralvehiculos/IEventoVehiculo.java" package="api.proyecto1.interfaces.centralvehiculos" timestamp="31-Aug-2015 16:39:10">
        <select from="119" to="119"/>
        <scroll column="0" row="0"/>
      </file>
      <file name="api/proyecto1/interfaces/TipoEventoControl.java" package="api.proyecto1.interfaces" timestamp="31-Aug-2015 16:37:04">
        <select from="119" to="119"/>
        <scroll column="0" row="0"/>
      </file>
      <file name="api/proyecto1/interfaces/centralvehiculos/IVehiculo.java" package="api.proyecto1.interfaces.centralvehiculos" timestamp="31-Aug-2015 16:37:04">
        <select from="119" to="119"/>
        <scroll column="0" row="0"/>
      </file>
      <file name="test/MainTest.java" package="test" timestamp="31-Aug-2015 16:37:04">
        <select from="119" to="119"/>
        <scroll column="0" row="0"/>
      </file>
      <file name="mundo/Main.java" package="mundo" timestamp="31-Aug-2015 16:37:04">
        <select from="119" to="119"/>
        <scroll column="0" row="0"/>
      </file>
      <file name="api/proyecto1/interfaces/centralllamadas/CategoriaCaso.java" package="api.proyecto1.interfaces.centralllamadas" timestamp="31-Aug-2015 16:37:04">
        <select from="119" to="119"/>
        <scroll column="0" row="0"/>
      </file>
      <file name="api/proyecto1/interfaces/centralllamadas/EstadoCaso.java" package="api.proyecto1.interfaces.centralllamadas" timestamp="31-Aug-2015 16:37:04">
        <select from="119" to="119"/>
        <scroll column="0" row="0"/>
      </file>
      <file name="api/proyecto1/interfaces/centralllamadas/ICaso.java" package="api.proyecto1.interfaces.centralllamadas" timestamp="31-Aug-2015 16:37:04">
        <select from="119" to="119"/>
        <scroll column="0" row="0"/>
      </file>
      <file name="api/proyecto1/interfaces/centralllamadas/IAgente.java" package="api.proyecto1.interfaces.centralllamadas" timestamp="31-Aug-2015 16:37:04">
        <select from="119" to="119"/>
        <scroll column="0" row="0"/>
      </file>
      <file name="api/proyecto1/interfaces/centralllamadas/ICliente.java" package="api.proyecto1.interfaces.centralllamadas" timestamp="31-Aug-2015 16:37:04">
        <select from="119" to="119"/>
        <scroll column="0" row="0"/>
      </file>
      <file name="api/proyecto1/interfaces/centralllamadas/IPedidoDespacho.java" package="api.proyecto1.interfaces.centralllamadas" timestamp="31-Aug-2015 16:37:04">
        <select from="119" to="119"/>
        <scroll column="0" row="0"/>
      </file>
      <file name="api/proyecto1/interfaces/centralvehiculos/IPunto.java" package="api.proyecto1.interfaces.centralvehiculos" timestamp="31-Aug-2015 16:37:04">
        <select from="119" to="119"/>
        <scroll column="0" row="0"/>
      </file>
      <file name="api/proyecto1/interfaces/centralvehiculos/ISegmento.java" package="api.proyecto1.interfaces.centralvehiculos" timestamp="31-Aug-2015 16:37:04">
        <select from="119" to="119"/>
        <scroll column="0" row="0"/>
      </file>
      <file name="api/proyecto1/interfaces/centralllamadas/TipoProblema.java" package="api.proyecto1.interfaces.centralllamadas" timestamp="31-Aug-2015 16:37:04">
        <select from="119" to="119"/>
        <scroll column="0" row="0"/>
      </file>
      <file name="api/proyecto1/interfaces/centralvehiculos/TipoEventoVehiculo.java" package="api.proyecto1.interfaces.centralvehiculos" timestamp="31-Aug-2015 16:37:04">
        <select from="119" to="119"/>
        <scroll column="0" row="0"/>
      </file>
      <file name="api/proyecto1/interfaces/analisisunificado/IAnalisisUnificado.java" package="api.proyecto1.interfaces.analisisunificado" timestamp="31-Aug-2015 16:37:04">
        <select from="119" to="119"/>
        <scroll column="0" row="0"/>
      </file>
      <file name="api/proyecto1/interfaces/centralllamadas/ICentralLlamadas.java" package="api.proyecto1.interfaces.centralllamadas" timestamp="31-Aug-2015 16:37:04">
        <select from="119" to="119"/>
        <scroll column="0" row="0"/>
      </file>
      <file name="api/proyecto1/interfaces/centralllamadas/ILlamada.java" package="api.proyecto1.interfaces.centralllamadas" timestamp="31-Aug-2015 16:37:04">
        <select from="119" to="119"/>
        <scroll column="0" row="0"/>
      </file>
      <file name="api/proyecto1/interfaces/centralllamadas/IProblema.java" package="api.proyecto1.interfaces.centralllamadas" timestamp="31-Aug-2015 16:37:04">
        <select from="119" to="119"/>
        <scroll column="0" row="0"/>
      </file>
      <file name="api/proyecto1/interfaces/centralvehiculos/ICentralVehiculos.java" package="api.proyecto1.interfaces.centralvehiculos" timestamp="31-Aug-2015 16:37:04">
        <select from="119" to="119"/>
        <scroll column="0" row="0"/>
      </file>
      <file name="api/proyecto1/interfaces/centralvehiculos/IRuta.java" package="api.proyecto1.interfaces.centralvehiculos" timestamp="31-Aug-2015 16:37:04">
        <select from="119" to="119"/>
        <scroll column="0" row="0"/>
      </file>
      <file name="api/proyecto1/interfaces/TipoEventoDatos.java" package="api.proyecto1.interfaces" timestamp="31-Aug-2015 16:37:04">
        <select from="119" to="119"/>
        <scroll column="0" row="0"/>
      </file>
    </source>
    <included/>
    <excluded/>
    <collapsed/>
    <classpath>
      <file absolute="false" name="../lib/hamcrest-core-1.3.jar"/>
      <file absolute="false" name="../lib/junit-4.12.jar"/>
    </classpath>
    <breakpoints/>
    <watches/>
    <bookmarks/>
    <preferences/>
  </project>
</drjava>
